relative_path,url
6.0-beta.md,https://www.zoho.com/analytics/help/6.0-beta.html
account-audit-logs.md,https://www.zoho.com/analytics/help/account-audit-logs.html
account-index.md,https://www.zoho.com/analytics/help/account-index.html
account-notifications.md,https://www.zoho.com/analytics/help/account-notifications.html
admin/user-management.md,https://www.zoho.com/analytics/help/admin/user-management.html
admin/user-roles.md,https://www.zoho.com/analytics/help/admin/user-roles.html
admin/users.md,https://www.zoho.com/analytics/help/admin/users.html
admin/viewer.md,https://www.zoho.com/analytics/help/admin/viewer.html
airtable.md,https://www.zoho.com/analytics/help/airtable.html
analyze-data.md,https://www.zoho.com/analytics/help/analyze-data/
analyze-data/aggregate-formula.md,https://www.zoho.com/analytics/help/analyze-data/aggregate-formula.html
analyze-data/aggregate-functions.md,https://www.zoho.com/analytics/help/analyze-data/aggregate-functions.html
analyze-data/create-metrics-formula.md,https://www.zoho.com/analytics/help/analyze-data/create-metrics-formula.html
analyze-data/trendline.md,https://www.zoho.com/analytics/help/analyze-data/trendline.html
android-phones.md,https://www.zoho.com/analytics/help/android-phones.html
android.md,https://www.zoho.com/analytics/help/android.html
anomaly-detection.md,https://www.zoho.com/analytics/help/anomaly-detection.html
askziabot-ms-teams.md,https://www.zoho.com/analytics/help/askziabot-ms-teams.html
auto-analysis.md,https://www.zoho.com/analytics/help/auto-analysis/
backup.md,https://www.zoho.com/analytics/help/backup.html
basicconcepts.md,https://www.zoho.com/analytics/help/basicconcepts.html
blogs-feature-post.md,https://www.zoho.com/analytics/help/blogs-feature-post.html
blogs/sales-cohort.md,https://www.zoho.com/analytics/help/blogs/sales-cohort.html
chart.md,https://www.zoho.com/analytics/help/chart/
chart/applying-filters.md,https://www.zoho.com/analytics/help/chart/applying-filters.html
chart/bar-chart.md,https://www.zoho.com/analytics/help/chart/bar-chart.html
chart/chart-types.md,https://www.zoho.com/analytics/help/chart/chart-types.html
chart/color-palette.md,https://www.zoho.com/analytics/help/chart/color-palette.html
chart/conversion-bar-chart.md,https://www.zoho.com/analytics/help/chart/conversion-bar-chart.html
chart/create-new-chart.md,https://www.zoho.com/analytics/help/chart/create-new-chart.html
chart/customizing-a-chart.md,https://www.zoho.com/analytics/help/chart/customizing-a-chart.html
chart/display-images.md,https://www.zoho.com/analytics/help/chart/display-images.html
chart/filters/quantitative-data.md,https://www.zoho.com/analytics/help/chart/filters/quantitative-data.html
chart/forcasting.md,https://www.zoho.com/analytics/help/chart/forcasting.html
chart/forecasting.md,https://www.zoho.com/analytics/help/chart/forecasting.html
chart/funnel-chart.md,https://www.zoho.com/analytics/help/chart/funnel-chart.html
chart/histogram-chart.md,https://www.zoho.com/analytics/help/chart/histogram-chart.html
chart/racing-chart.md,https://www.zoho.com/analytics/help/chart/racing-chart.html
chart/sankey-chart.md,https://www.zoho.com/analytics/help/chart/sankey-chart.html
chart/sparkline-chart.md,https://www.zoho.com/analytics/help/chart/sparkline-chart.html
chart/stacked-bar-chart.md,https://www.zoho.com/analytics/help/chart/stacked-bar-chart.html
chart/sunburst-chart.md,https://www.zoho.com/analytics/help/chart/sunburst-chart.html
chart/tree-map-chart.md,https://www.zoho.com/analytics/help/chart/tree-map-chart.html
chart/working-with-charts.md,https://www.zoho.com/analytics/help/chart/working-with-charts.html
cloud-database.md,https://www.zoho.com/analytics/help/cloud-database/
cloud-database/amazon-aurora-mysql.md,https://www.zoho.com/analytics/help/cloud-database/amazon-aurora-mysql.html
cloud-database/amazon-aurora-postgresql.md,https://www.zoho.com/analytics/help/cloud-database/amazon-aurora-postgresql.html
cloud-database/amazonathena.md,https://www.zoho.com/analytics/help/cloud-database/amazonathena.html
cloud-database/amazonrds-postgresql.md,https://www.zoho.com/analytics/help/cloud-database/amazonrds-postgresql.html
cloud-database/google-bigquery.md,https://www.zoho.com/analytics/help/cloud-database/google-bigquery.html
cloud-database/google-cloudsql-mysql.md,https://www.zoho.com/analytics/help/cloud-database/google-cloudsql-mysql.html
cloud-database/google-cloudsql-postgresql.md,https://www.zoho.com/analytics/help/cloud-database/google-cloudsql-postgresql.html
cloud-database/heroku-sql.md,https://www.zoho.com/analytics/help/cloud-database/heroku-sql.html
cloud-database/ibm-cloud.md,https://www.zoho.com/analytics/help/cloud-database/ibm-cloud.html
cloud-database/microsoft-azure-mariadb.md,https://www.zoho.com/analytics/help/cloud-database/microsoft-azure-mariadb.html
cloud-database/microsoft-azure-mysql.md,https://www.zoho.com/analytics/help/cloud-database/microsoft-azure-mysql.html
cloud-database/microsoft-azure-postgresql.md,https://www.zoho.com/analytics/help/cloud-database/microsoft-azure-postgresql.html
cloud-database/microsoft-azure-sql-data-warehouse.md,https://www.zoho.com/analytics/help/cloud-database/microsoft-azure-sql-data-warehouse.html
cloud-database/microsoft-azure-sql-database.md,https://www.zoho.com/analytics/help/cloud-database/microsoft-azure-sql-database.html
cloud-database/mongodb-atlas.md,https://www.zoho.com/analytics/help/cloud-database/mongodb-atlas.html
cloud-database/oraclecloud.md,https://www.zoho.com/analytics/help/cloud-database/oraclecloud.html
cloud-database/panoply.md,https://www.zoho.com/analytics/help/cloud-database/panoply.html
cloud-database/singlestore.md,https://www.zoho.com/analytics/help/cloud-database/singlestore.html
cloud-database/snowflake.md,https://www.zoho.com/analytics/help/cloud-database/snowflake.html
cluster-analysis.md,https://www.zoho.com/analytics/help/cluster-analysis.html
code-environment/code-studio.md,https://www.zoho.com/analytics/help/code-environment/code-studio.html
connector.md,https://www.zoho.com/analytics/help/connector.html
connectors.md,https://www.zoho.com/analytics/help/connectors.html
connectors/airtable.md,https://www.zoho.com/analytics/help/connectors/airtable.html
connectors/alchemer.md,https://www.zoho.com/analytics/help/connectors/alchemer.html
connectors/bigin.md,https://www.zoho.com/analytics/help/connectors/bigin.html
connectors/bing-ads.md,https://www.zoho.com/analytics/help/connectors/bing-ads.html
connectors/clickup.md,https://www.zoho.com/analytics/help/connectors/clickup.html
connectors/databricks.md,https://www.zoho.com/analytics/help/connectors/databricks.html
connectors/dynamics-crm.md,https://www.zoho.com/analytics/help/connectors/dynamics-crm.html
connectors/dynamics-solution.md,https://www.zoho.com/analytics/help/connectors/dynamics-solution.html
connectors/errors.md,https://www.zoho.com/analytics/help/connectors/errors.html
connectors/eventbrite.md,https://www.zoho.com/analytics/help/connectors/eventbrite.html
connectors/exact-online.md,https://www.zoho.com/analytics/help/connectors/exact-online.html
connectors/facebook-ads.md,https://www.zoho.com/analytics/help/connectors/facebook-ads.html
connectors/facebook-competitive.md,https://www.zoho.com/analytics/help/connectors/facebook-competitive.html
connectors/facebook-page.md,https://www.zoho.com/analytics/help/connectors/facebook-page.html
connectors/freshdesk.md,https://www.zoho.com/analytics/help/connectors/freshdesk.html
connectors/google-ads.md,https://www.zoho.com/analytics/help/connectors/google-ads.html
connectors/google-advanced-analytics.md,https://www.zoho.com/analytics/help/connectors/google-advanced-analytics.html
connectors/google-adwords.md,https://www.zoho.com/analytics/help/connectors/google-adwords.html
connectors/gsc.md,https://www.zoho.com/analytics/help/connectors/gsc.html
connectors/how-forecasting-works.md,https://www.zoho.com/analytics/help/connectors/how-forecasting-works.html
connectors/hubspot-crm.md,https://www.zoho.com/analytics/help/connectors/hubspot-crm.html
connectors/hubspot-marketing.md,https://www.zoho.com/analytics/help/connectors/hubspot-marketing.html
connectors/instagram.md,https://www.zoho.com/analytics/help/connectors/instagram.html
connectors/jira.md,https://www.zoho.com/analytics/help/connectors/jira.html
connectors/linkedin-ads.md,https://www.zoho.com/analytics/help/connectors/linkedin-ads.html
connectors/linkedin-page.md,https://www.zoho.com/analytics/help/connectors/linkedin-page.html
connectors/mailchimp.md,https://www.zoho.com/analytics/help/connectors/mailchimp.html
connectors/me-servicedesk-plus-ondemand.md,https://www.zoho.com/analytics/help/connectors/me-servicedesk-plus-ondemand.html
connectors/me-servicedesk-plus-onpremise.md,https://www.zoho.com/analytics/help/connectors/me-servicedesk-plus-onpremise.html
connectors/me-servicedesk-plus.md,https://www.zoho.com/analytics/help/connectors/me-servicedesk-plus.html
connectors/me-supportcenter-plus.md,https://www.zoho.com/analytics/help/connectors/me-supportcenter-plus.html
connectors/monday.com.md,https://www.zoho.com/analytics/help/connectors/monday.com.html
connectors/oracle_netsuite.md,https://www.zoho.com/analytics/help/connectors/oracle_netsuite.html
connectors/pipedrive.md,https://www.zoho.com/analytics/help/connectors/pipedrive.html
connectors/qualtrics.md,https://www.zoho.com/analytics/help/connectors/qualtrics.html
connectors/quickbooks-desktop.md,https://www.zoho.com/analytics/help/connectors/quickbooks-desktop.html
connectors/quickbooks-online.md,https://www.zoho.com/analytics/help/connectors/quickbooks-online.html
connectors/quickbooks.md,https://www.zoho.com/analytics/help/connectors/quickbooks.html
connectors/sage.md,https://www.zoho.com/analytics/help/connectors/sage.html
connectors/sales-iq.md,https://www.zoho.com/analytics/help/connectors/sales-iq.html
connectors/salesforce-crm.md,https://www.zoho.com/analytics/help/connectors/salesforce-crm.html
connectors/salesforce-solution.md,https://www.zoho.com/analytics/help/connectors/salesforce-solution.html
connectors/security-controls.md,https://www.zoho.com/analytics/help/connectors/security-controls.html
connectors/semrush.md,https://www.zoho.com/analytics/help/connectors/semrush.html
connectors/shopify.md,https://www.zoho.com/analytics/help/connectors/shopify.html
connectors/site24x7.md,https://www.zoho.com/analytics/help/connectors/site24x7.html
connectors/smartsheet.md,https://www.zoho.com/analytics/help/connectors/smartsheet.html
connectors/sprints.md,https://www.zoho.com/analytics/help/connectors/sprints.html
connectors/stripe-metrics.md,https://www.zoho.com/analytics/help/connectors/stripe-metrics.html
connectors/stripe.md,https://www.zoho.com/analytics/help/connectors/stripe.html
connectors/survey-gizmo.md,https://www.zoho.com/analytics/help/connectors/survey-gizmo.html
connectors/survey-monkey.md,https://www.zoho.com/analytics/help/connectors/survey-monkey.html
connectors/teamwork-crm.md,https://www.zoho.com/analytics/help/connectors/teamwork-crm.html
connectors/teamwork.md,https://www.zoho.com/analytics/help/connectors/teamwork.html
connectors/teamworkdesk.md,https://www.zoho.com/analytics/help/connectors/teamworkdesk.html
connectors/twitter-competitive.md,https://www.zoho.com/analytics/help/connectors/twitter-competitive.html
connectors/twitter.md,https://www.zoho.com/analytics/help/connectors/twitter.html
connectors/woocommerce.md,https://www.zoho.com/analytics/help/connectors/woocommerce.html
connectors/xero.md,https://www.zoho.com/analytics/help/connectors/xero.html
connectors/youtube-channel.md,https://www.zoho.com/analytics/help/connectors/youtube-channel.html
connectors/zendesk.md,https://www.zoho.com/analytics/help/connectors/zendesk.html
connectors/zoho-books.md,https://www.zoho.com/analytics/help/connectors/zoho-books.html
connectors/zoho-bugtracker.md,https://www.zoho.com/analytics/help/connectors/zoho-bugtracker.html
connectors/zoho-campaigns.md,https://www.zoho.com/analytics/help/connectors/zoho-campaigns.html
connectors/zoho-commerce.md,https://www.zoho.com/analytics/help/connectors/zoho-commerce.html
connectors/zoho-creator.md,https://www.zoho.com/analytics/help/connectors/zoho-creator.html
connectors/zoho-creator/entry-forms.md,https://www.zoho.com/analytics/help/connectors/zoho-creator/entry-forms.html
connectors/zoho-crm.md,https://www.zoho.com/analytics/help/connectors/zoho-crm.html
connectors/zoho-desk.md,https://www.zoho.com/analytics/help/connectors/zoho-desk.html
connectors/zoho-expense.md,https://www.zoho.com/analytics/help/connectors/zoho-expense.html
connectors/zoho-forms.md,https://www.zoho.com/analytics/help/connectors/zoho-forms.html
connectors/zoho-inventory.md,https://www.zoho.com/analytics/help/connectors/zoho-inventory.html
connectors/zoho-invoice.md,https://www.zoho.com/analytics/help/connectors/zoho-invoice.html
connectors/zoho-people.md,https://www.zoho.com/analytics/help/connectors/zoho-people.html
connectors/zoho-projects.md,https://www.zoho.com/analytics/help/connectors/zoho-projects.html
connectors/zoho-recruit.md,https://www.zoho.com/analytics/help/connectors/zoho-recruit.html
connectors/zoho-subscriptions.md,https://www.zoho.com/analytics/help/connectors/zoho-subscriptions.html
connectors/zoho-survey.md,https://www.zoho.com/analytics/help/connectors/zoho-survey.html
connectors/zohobooks.md,https://www.zoho.com/analytics/help/connectors/zohobooks.html
creating-reports.md,https://www.zoho.com/analytics/help/creating-reports.html
creator-report-tab.md,https://www.zoho.com/analytics/help/creator-report-tab.html
creator/data.md,https://www.zoho.com/analytics/help/creator/data.html
dashboard-customization.md,https://www.zoho.com/analytics/help/dashboard-customization.html
dashboard.md,https://www.zoho.com/analytics/help/dashboard/
dashboard/create-dashboard.md,https://www.zoho.com/analytics/help/dashboard/create-dashboard.html
dashboard/filter.md,https://www.zoho.com/analytics/help/dashboard/filter.html
dashboard/kpi-widgets.md,https://www.zoho.com/analytics/help/dashboard/kpi-widgets.html
dashboard/working-with-dashboard.md,https://www.zoho.com/analytics/help/dashboard/working-with-dashboard.html
dashboardsapp.md,https://www.zoho.com/analytics/help/dashboardsapp.html
dashboardsapp/android.md,https://www.zoho.com/analytics/help/dashboardsapp/android.html
dashboardsapp/iphone.md,https://www.zoho.com/analytics/help/dashboardsapp/iphone.html
dashboardsapp/share_pubilsh_android.md,https://www.zoho.com/analytics/help/dashboardsapp/share_pubilsh_android.html
dashboardsapp/share_pubilsh_iphone.md,https://www.zoho.com/analytics/help/dashboardsapp/share_pubilsh_iphone.html
data-alert.md,https://www.zoho.com/analytics/help/data-alert.html
data-bucketing.md,https://www.zoho.com/analytics/help/data-bucketing.html
data-merging.md,https://www.zoho.com/analytics/help/data-merging.html
data-pipeline.md,https://www.zoho.com/analytics/help/data-pipeline.html
data-snapshot.md,https://www.zoho.com/analytics/help/data-snapshot.html
datasources/live-connect.md,https://www.zoho.com/analytics/help/datasources/live-connect.html
datastorytelling.md,https://www.zoho.com/analytics/help/datastorytelling.html
datastorytelling/advancedslideshow.md,https://www.zoho.com/analytics/help/datastorytelling/advancedslideshow.html
datastorytelling/writer-integration.md,https://www.zoho.com/analytics/help/datastorytelling/writer-integration.html
dynamics-crm.md,https://www.zoho.com/analytics/help/dynamics-crm.html
email-settings.md,https://www.zoho.com/analytics/help/email-settings.html
embedded-analytics-index.md,https://www.zoho.com/analytics/help/embedded-analytics-index.html
export.md,https://www.zoho.com/analytics/help/export/
export/email.md,https://www.zoho.com/analytics/help/export/email.html
export/exporting-a-dashboard.md,https://www.zoho.com/analytics/help/export/exporting-a-dashboard.html
export/exporting-a-report.md,https://www.zoho.com/analytics/help/export/exporting-a-report.html
export/exporting-as-template.md,https://www.zoho.com/analytics/help/export/exporting-as-template.html
export/multiple-views.md,https://www.zoho.com/analytics/help/export/multiple-views.html
faq.md,https://www.zoho.com/analytics/help/faq.html
feature-control.md,https://www.zoho.com/analytics/help/feature-control.html
flatly.md,https://www.zoho.com/analytics/help/flatly.html
formatting.md,https://www.zoho.com/analytics/help/formatting.html
gdpr.md,https://www.zoho.com/analytics/help/gdpr.html
geo-maps.md,https://www.zoho.com/analytics/help/geo-maps.html
geo-maps/map-layering.md,https://www.zoho.com/analytics/help/geo-maps/map-layering.html
getting-started.md,https://www.zoho.com/analytics/help/getting-started/
google-advanced-analytics.md,https://www.zoho.com/analytics/help/google-advanced-analytics.html
google-apps.md,https://www.zoho.com/analytics/help/google-apps.html
hubspot-solution.md,https://www.zoho.com/analytics/help/hubspot-solution.html
import-creator.md,https://www.zoho.com/analytics/help/import-creator.html
import-data.md,https://www.zoho.com/analytics/help/import-data/
import-data/amazon-lightsail.md,https://www.zoho.com/analytics/help/import-data/amazon-lightsail.html
import-data/amazonlightsail-mysql.md,https://www.zoho.com/analytics/help/import-data/amazonlightsail-mysql.html
import-data/amazonlightsail-postgresql.md,https://www.zoho.com/analytics/help/import-data/amazonlightsail-postgresql.html
import-data/amazonrds-index.md,https://www.zoho.com/analytics/help/import-data/amazonrds-index.html
import-data/amazonrds-mariadb.md,https://www.zoho.com/analytics/help/import-data/amazonrds-mariadb.html
import-data/amazonrds-mysql.md,https://www.zoho.com/analytics/help/import-data/amazonrds-mysql.html
import-data/amazonrds-oracle.md,https://www.zoho.com/analytics/help/import-data/amazonrds-oracle.html
import-data/amazonrds-sqlserver.md,https://www.zoho.com/analytics/help/import-data/amazonrds-sqlserver.html
import-data/atlas-data-federation.md,https://www.zoho.com/analytics/help/import-data/atlas-data-federation.html
import-data/cloud-database.md,https://www.zoho.com/analytics/help/import-data/cloud-database.html
import-data/cloud-drive.md,https://www.zoho.com/analytics/help/import-data/cloud-drive.html
import-data/csv.md,https://www.zoho.com/analytics/help/import-data/csv.html
import-data/databridge.md,https://www.zoho.com/analytics/help/import-data/databridge.html
import-data/digitalocean-mongodb.md,https://www.zoho.com/analytics/help/import-data/digitalocean-mongodb.html
import-data/digitalocean-mysql.md,https://www.zoho.com/analytics/help/import-data/digitalocean-mysql.html
import-data/digitalocean-postgresql.md,https://www.zoho.com/analytics/help/import-data/digitalocean-postgresql.html
import-data/digitalocean.md,https://www.zoho.com/analytics/help/import-data/digitalocean.html
import-data/elasticsearch.md,https://www.zoho.com/analytics/help/import-data/elasticsearch.html
import-data/enter-data-directly.md,https://www.zoho.com/analytics/help/import-data/enter-data-directly.html
import-data/feeds.md,https://www.zoho.com/analytics/help/import-data/feeds.html
import-data/files-feeds.md,https://www.zoho.com/analytics/help/import-data/files-feeds.html
import-data/google-sql.md,https://www.zoho.com/analytics/help/import-data/google-sql.html
import-data/hfsql.md,https://www.zoho.com/analytics/help/import-data/hfsql.html
import-data/local-DB2.md,https://www.zoho.com/analytics/help/import-data/local-DB2.html
import-data/local-actianvector.md,https://www.zoho.com/analytics/help/import-data/local-actianvector.html
import-data/local-amazon-aurora.md,https://www.zoho.com/analytics/help/import-data/local-amazon-aurora.html
import-data/local-databases.md,https://www.zoho.com/analytics/help/import-data/local-databases.html
import-data/local-denodo.md,https://www.zoho.com/analytics/help/import-data/local-denodo.html
import-data/local-exasol.md,https://www.zoho.com/analytics/help/import-data/local-exasol.html
import-data/local-firebird.md,https://www.zoho.com/analytics/help/import-data/local-firebird.html
import-data/local-greenplum.md,https://www.zoho.com/analytics/help/import-data/local-greenplum.html
import-data/local-hive.md,https://www.zoho.com/analytics/help/import-data/local-hive.html
import-data/local-hsql.md,https://www.zoho.com/analytics/help/import-data/local-hsql.html
import-data/local-jdbcdriversupported.md,https://www.zoho.com/analytics/help/import-data/local-jdbcdriversupported.html
import-data/local-maria-db.md,https://www.zoho.com/analytics/help/import-data/local-maria-db.html
import-data/local-msaccess.md,https://www.zoho.com/analytics/help/import-data/local-msaccess.html
import-data/local-my-sql.md,https://www.zoho.com/analytics/help/import-data/local-my-sql.html
import-data/local-oracle.md,https://www.zoho.com/analytics/help/import-data/local-oracle.html
import-data/local-pervasivesql.md,https://www.zoho.com/analytics/help/import-data/local-pervasivesql.html
import-data/local-postgresql.md,https://www.zoho.com/analytics/help/import-data/local-postgresql.html
import-data/local-saphana.md,https://www.zoho.com/analytics/help/import-data/local-saphana.html
import-data/local-sql-server.md,https://www.zoho.com/analytics/help/import-data/local-sql-server.html
import-data/local-sqlite.md,https://www.zoho.com/analytics/help/import-data/local-sqlite.html
import-data/local-sybase.md,https://www.zoho.com/analytics/help/import-data/local-sybase.html
import-data/local-vertica.md,https://www.zoho.com/analytics/help/import-data/local-vertica.html
import-data/local-yugabytedb.md,https://www.zoho.com/analytics/help/import-data/local-yugabytedb.html
import-data/microsoft-azure-index.md,https://www.zoho.com/analytics/help/import-data/microsoft-azure-index.html
import-data/microsoftazure-index.md,https://www.zoho.com/analytics/help/import-data/microsoftazure-index.html
import-data/multiple-sync-schedule.md,https://www.zoho.com/analytics/help/import-data/multiple-sync-schedule.html
import-data/oledb.md,https://www.zoho.com/analytics/help/import-data/oledb.html
import-data/presto.md,https://www.zoho.com/analytics/help/import-data/presto.html
import-data/progress-openedge.md,https://www.zoho.com/analytics/help/import-data/progress-openedge.html
import-data/relational-databases.md,https://www.zoho.com/analytics/help/import-data/relational-databases.html
import-data/trino.md,https://www.zoho.com/analytics/help/import-data/trino.html
import-data/upload-tool/db2-as400.md,https://www.zoho.com/analytics/help/import-data/upload-tool/db2-as400.html
import-data/upload-tool/firebird.md,https://www.zoho.com/analytics/help/import-data/upload-tool/firebird.html
import-data/upload-tool/msaccess.md,https://www.zoho.com/analytics/help/import-data/upload-tool/msaccess.html
import-data/upload-tool/sqlite.md,https://www.zoho.com/analytics/help/import-data/upload-tool/sqlite.html
import-data/yellowbricks.md,https://www.zoho.com/analytics/help/import-data/yellowbricks.html
import-data/zohoanalyticsworkspace.md,https://www.zoho.com/analytics/help/import-data/zohoanalyticsworkspace.html
import-datae/other-cloud.md,https://www.zoho.com/analytics/help/import-datae/other-cloud.html
import-upload-data-into-zoho-reports/business-app.md,https://www.zoho.com/analytics/help/import-upload-data-into-zoho-reports/business-app.html
import-upload-data-into-zoho-reports/import-data.md,https://www.zoho.com/analytics/help/import-upload-data-into-zoho-reports/import-data.html
import-upload-data-into-zoho-reports/importing-data-from-cloud-storage-drive.md,https://www.zoho.com/analytics/help/import-upload-data-into-zoho-reports/importing-data-from-cloud-storage-drive.html
incremental-fetch.md,https://www.zoho.com/analytics/help/incremental-fetch.html
index.md,https://www.zoho.com/analytics/help/
ipad.md,https://www.zoho.com/analytics/help/ipad.html
iphone.md,https://www.zoho.com/analytics/help/iphone.html
machine-learning/auto-ml.md,https://www.zoho.com/analytics/help/machine-learning/auto-ml.html
manage-role.md,https://www.zoho.com/analytics/help/manage-role.html
manageengine-servicedesk-plus-advanced-analytics.md,https://www.zoho.com/analytics/help/manageengine-servicedesk-plus-advanced-analytics.html
manageengine-supportcenter-plus-advanced-analytics.md,https://www.zoho.com/analytics/help/manageengine-supportcenter-plus-advanced-analytics.html
managing-datasources.md,https://www.zoho.com/analytics/help/managing-datasources.html
managing-users.md,https://www.zoho.com/analytics/help/managing-users.html
migrate-from-uploadtool/databridge.md,https://www.zoho.com/analytics/help/migrate-from-uploadtool/databridge.html
mobile-index.md,https://www.zoho.com/analytics/help/mobile-index.html
my-account-settings.md,https://www.zoho.com/analytics/help/my-account-settings.html
notifications.md,https://www.zoho.com/analytics/help/notifications.html
onpremise/analytics-dashboards-app.md,https://www.zoho.com/analytics/help/onpremise/analytics-dashboards-app.html
onpremise/analytics-dashboards-app/getting-started.md,https://www.zoho.com/analytics/help/onpremise/analytics-dashboards-app/getting-started.html
onpremise/api.md,https://www.zoho.com/analytics/help/onpremise/api
onpremise/overview.md,https://www.zoho.com/analytics/help/onpremise/overview.html
onpremise/sharing/sharing-to-a-user.md,https://www.zoho.com/analytics/help/onpremise/sharing/sharing-to-a-user.html
organization.md,https://www.zoho.com/analytics/help/organization.html
overview.md,https://www.zoho.com/analytics/help/overview.html
pivot-table.md,https://www.zoho.com/analytics/help/pivot-table/
pivot-table/creating-a-new-pivot-table.md,https://www.zoho.com/analytics/help/pivot-table/creating-a-new-pivot-table.html
pivot-table/customizing-a-pivot-table.md,https://www.zoho.com/analytics/help/pivot-table/customizing-a-pivot-table.html
pivot-table/working-with-pivot-tables.md,https://www.zoho.com/analytics/help/pivot-table/working-with-pivot-tables.html
portal.md,https://www.zoho.com/analytics/help/portal.html
portal/create.md,https://www.zoho.com/analytics/help/portal/create.html
portal/manage.md,https://www.zoho.com/analytics/help/portal/manage.html
portal/tableau-reports-zohoanalytics.md,https://www.zoho.com/analytics/help/portal/tableau-reports-zohoanalytics.html
pricing.md,https://www.zoho.com/analytics/help/pricing.html
publishing.md,https://www.zoho.com/analytics/help/publishing/
publishing/create-show-show.md,https://www.zoho.com/analytics/help/publishing/create-show-show.html
publishing/creating-url-to-views.md,https://www.zoho.com/analytics/help/publishing/creating-url-to-views.html
publishing/embed-reports.md,https://www.zoho.com/analytics/help/publishing/embed-reports.html
publishing/embedding-in-web-pages-reports.md,https://www.zoho.com/analytics/help/publishing/embedding-in-web-pages-reports.html
query-tables.md,https://www.zoho.com/analytics/help/query-tables.html
quickbooks.md,https://www.zoho.com/analytics/help/quickbooks.html
rebranding.md,https://www.zoho.com/analytics/help/rebranding.html
salesforce-crm-advanced-analytics.md,https://www.zoho.com/analytics/help/salesforce-crm-advanced-analytics.html
share_to_slack.md,https://www.zoho.com/analytics/help/share_to_slack.html
sharing-and-publishing.md,https://www.zoho.com/analytics/help/sharing-and-publishing.html
sharing.md,https://www.zoho.com/analytics/help/sharing/
sharing/accessing-shared-views.md,https://www.zoho.com/analytics/help/sharing/accessing-shared-views.html
sharing/commenting.md,https://www.zoho.com/analytics/help/sharing/commenting.html
sharing/enabling-shared-users-create-report.md,https://www.zoho.com/analytics/help/sharing/enabling-shared-users-create-report.html
sharing/making-views-database-public.md,https://www.zoho.com/analytics/help/sharing/making-views-database-public.html
sharing/making-views-public.md,https://www.zoho.com/analytics/help/sharing/making-views-public.html
sharing/multiple-database-owners.md,https://www.zoho.com/analytics/help/sharing/multiple-database-owners.html
sharing/multiple-workspace-administrator.md,https://www.zoho.com/analytics/help/sharing/multiple-workspace-administrator.html
sharing/org-administrator.md,https://www.zoho.com/analytics/help/sharing/org-administrator.html
sharing/sharing-database-to-user.md,https://www.zoho.com/analytics/help/sharing/sharing-database-to-user.html
sharing/sharing-to-a-group.md,https://www.zoho.com/analytics/help/sharing/sharing-to-a-group.html
sharing/sharing-to-a-user.md,https://www.zoho.com/analytics/help/sharing/sharing-to-a-user.html
signin-and-signup.md,https://www.zoho.com/analytics/help/signin-and-signup.html
subscription.md,https://www.zoho.com/analytics/help/subscription.html
summary.md,https://www.zoho.com/analytics/help/summary/
summary/creating.md,https://www.zoho.com/analytics/help/summary/creating.html
summary/customizing.md,https://www.zoho.com/analytics/help/summary/customizing.html
summary/working.md,https://www.zoho.com/analytics/help/summary/working.html
table.md,https://www.zoho.com/analytics/help/table/
table/add-formulas.md,https://www.zoho.com/analytics/help/table/add-formulas.html
table/add-formulas/formula-column-built-functions.md,https://www.zoho.com/analytics/help/table/add-formulas/formula-column-built-functions.html
table/add-rows-columns.md,https://www.zoho.com/analytics/help/table/add-rows-columns.html
table/column-types-supported.md,https://www.zoho.com/analytics/help/table/column-types-supported.html
table/creating-table.md,https://www.zoho.com/analytics/help/table/creating-table.html
table/date-format.md,https://www.zoho.com/analytics/help/table/date-format.html
table/duration-format.md,https://www.zoho.com/analytics/help/table/duration-format.html
table/formula-column.md,https://www.zoho.com/analytics/help/table/formula-column.html
table/joining-tables.md,https://www.zoho.com/analytics/help/table/joining-tables.html
table/joining-tables.md,http://www.zoho.com/analytics/help/table/joining-tables.html
table/relational-data-modeling.md,https://www.zoho.com/analytics/help/table/relational-data-modeling.html
table/report-formulas.md,https://www.zoho.com/analytics/help/table/report-formulas.html
table/working-with-tables.md,https://www.zoho.com/analytics/help/table/working-with-tables.html
tabular.md,https://www.zoho.com/analytics/help/tabular/
tabular/creating.md,https://www.zoho.com/analytics/help/tabular/creating.html
tabular/customize.md,https://www.zoho.com/analytics/help/tabular/customize.html
tabular/working.md,https://www.zoho.com/analytics/help/tabular/working.html
train-ask-zia.md,https://www.zoho.com/analytics/help/train-ask-zia.html
types-white-label-solution.md,https://www.zoho.com/analytics/help/types-white-label-solution.html
unified_metrics.md,https://www.zoho.com/analytics/help/unified_metrics.html
upload-tool/download-and-setup.md,https://www.zoho.com/analytics/help/upload-tool/download-and-setup.html
upload-tool/uploading-data-from-csv-files-console-mode.md,https://www.zoho.com/analytics/help/upload-tool/uploading-data-from-csv-files-console-mode.html
user-role-management.md,https://www.zoho.com/analytics/help/user-role-management.html
user-role.md,https://www.zoho.com/analytics/help/user-role.html
what-if-analysis.md,https://www.zoho.com/analytics/help/what-if-analysis.html
whats-new.md,https://www.zoho.com/analytics/help/whats-new/
whitelabel-customize.md,https://www.zoho.com/analytics/help/whitelabel-customize.html
whitelabel-setup.md,https://www.zoho.com/analytics/help/whitelabel-setup.html
why-no-3d-charts.md,https://www.zoho.com/analytics/help/why-no-3d-charts.html
workspace.md,https://www.zoho.com/analytics/help/workspace/
workspace/create-new.md,https://www.zoho.com/analytics/help/workspace/create-new.html
workspace/settings.md,https://www.zoho.com/analytics/help/workspace/settings.html
workspace/settings/user.md,https://www.zoho.com/analytics/help/workspace/settings/user.html
workspace/settings/variables.md,https://www.zoho.com/analytics/help/workspace/settings/variables.html
workspace/viewing-workspaces.md,https://www.zoho.com/analytics/help/workspace/viewing-workspaces.html
xero.md,https://www.zoho.com/analytics/help/xero.html
zamobileapp.md,https://www.zoho.com/analytics/help/zamobileapp.html
zapier.md,https://www.zoho.com/analytics/help/zapier.html
zendesk.md,https://www.zoho.com/analytics/help/zendesk.html
zia-chatgpt-integration.md,https://www.zoho.com/analytics/help/zia-chatgpt-integration.html
zia.md,https://www.zoho.com/analytics/help/zia/
zia/construct-questions.md,https://www.zoho.com/analytics/help/zia/construct-questions.html
zia/conversation-mode.md,https://www.zoho.com/analytics/help/zia/conversation-mode.html
zia/insights.md,https://www.zoho.com/analytics/help/zia/insights.html
zia/using-ask-zia.md,https://www.zoho.com/analytics/help/zia/using-ask-zia.html
zia/visualization-ask-zia.md,https://www.zoho.com/analytics/help/zia/visualization-ask-zia.html
zoho-apps.md,https://www.zoho.com/analytics/help/zoho-apps.html
zoho-books.md,https://www.zoho.com/analytics/help/zoho-books.html
zoho-bugtracker-advanced-analytics.md,https://www.zoho.com/analytics/help/zoho-bugtracker-advanced-analytics.html
zoho-creator.md,https://www.zoho.com/analytics/help/zoho-creator/
zoho-creatorindex.md,https://www.zoho.com/analytics/help/zoho-creatorindex.html
zoho-crm-advanced-analytics.md,https://www.zoho.com/analytics/help/zoho-crm-advanced-analytics.html
zoho-dataprep-connector.md,https://www.zoho.com/analytics/help/zoho-dataprep-connector.html
zoho-dataprep.md,https://www.zoho.com/analytics/help/zoho-dataprep.html
zoho-directory.md,https://www.zoho.com/analytics/help/zoho-directory.html
zoho-flow.md,https://www.zoho.com/analytics/help/zoho-flow.html
zoho-projects-advanced-analytics.md,https://www.zoho.com/analytics/help/zoho-projects-advanced-analytics.html
zoho-recruit-advanced-analytics.md,https://www.zoho.com/analytics/help/zoho-recruit-advanced-analytics.html
zoho-reports-for-ipad.md,https://www.zoho.com/analytics/help/zoho-reports-for-ipad.html
zoho-reports-solutions.md,https://www.zoho.com/analytics/help/zoho-reports-solutions.html
zohoanalytics-ip-address.md,https://www.zoho.com/analytics/help/zohoanalytics-ip-address.html
zohoforms.md,https://www.zoho.com/analytics/help/zohoforms.html
